"email";"date"
"0w75hc4@gmail.com";"2020-08-15"
"0xfdojan@gmail.com";"2021-11-10"
"17rbjhm@yahoo.com";"2020-03-18"
"1ou80@yahoo.com";"2021-07-30"
"2erojbtus@naver.com";"2021-09-27"
"2htjap1@gmail.com";"2022-12-04"
"2p8br@yahoo.com";"2022-11-21"
"3ktb4yv@gmail.com";"2021-11-23"
"3tkx@yahoo.com";"2023-05-14"
"47bse@hanmail.net";"2020-03-14"
"483ry9@yahoo.com";"2021-10-27"
"4x0y@naver.com";"2020-02-29"
"5js4v@gmail.com";"2022-05-18"
"62v5@yahoo.com";"2022-05-06"
"6l8kf@naver.com";"2022-10-16"
"6psmu@naver.com";"2020-02-05"
"6pwoq1@gmail.com";"2020-05-09"
"73fupv@hanmail.net";"2021-02-28"
"7eod@yahoo.com";"2023-10-20"
"7y3c1nkb@hanmail.net";"2020-09-09"
"81z5d@naver.com";"2021-04-21"
"85cdx0fey@naver.com";"2020-12-07"
"8y1c@gmail.com";"2020-11-21"
"90cr1x4@hanmail.net";"2022-07-17"
"9osh@gmail.com";"2021-03-10"
"9vkr@yahoo.com";"2023-06-03"
"bca697@gmail.com";"2022-07-25"
"bi1dvopj@hanmail.net";"2022-04-05"
"byier@gmail.com";"2023-06-19"
"c68dhsn@gmail.com";"2022-06-26"
"cmfaqbk9i@gmail.com";"2021-01-05"
"cvbs@gmail.com";"2023-05-22"
"dob08hv3i@yahoo.com";"2022-09-06"
"egah@yahoo.com";"2021-02-24"
"f5deh@yahoo.com";"2020-08-23"
"fchg89u7p@yahoo.com";"2022-06-10"
"flsq@hanmail.net";"2020-02-03"
"fp3q@hanmail.net";"2023-05-12"
"g3mfnz@yahoo.com";"2023-11-30"
"got3cp1x@hanmail.net";"2020-11-14"
"gvuqrc84@yahoo.com";"2020-12-06"
"gzqtj@naver.com";"2021-11-22"
"hkbv9mtxn@hanmail.net";"2021-08-29"
"hosp0y2@yahoo.com";"2021-10-24"
"hvzpg0@gmail.com";"2021-06-19"
"hwq7yr@hanmail.net";"2021-02-01"
"ihzcmxvk2@yahoo.com";"2020-09-18"
"iq2aejm@naver.com";"2020-03-02"
"iwoc9xy@naver.com";"2022-11-10"
"j2au@hanmail.net";"2020-05-14"
"jlr6w5bz@gmail.com";"2023-11-03"
"k3y8@gmail.com";"2023-09-23"
"k6rtly@naver.com";"2021-08-09"
"kemzp2@naver.com";"2022-08-12"
"l2ocd@naver.com";"2023-06-27"
"l8d5zw@gmail.com";"2020-06-28"
"lvrn@hanmail.net";"2023-03-15"
"mfs9gq@gmail.com";"2021-05-08"
"n7q8j9w@hanmail.net";"2023-03-01"
"nwxzp@yahoo.com";"2020-02-29"
"ny4jp@gmail.com";"2022-04-06"
"ofa29ck@hanmail.net";"2023-02-27"
"okmv5i0rb@hanmail.net";"2022-04-15"
"ozqtwu0mf@yahoo.com";"2023-02-20"
"p12bjr4u@hanmail.net";"2021-10-11"
"p8olf@hanmail.net";"2022-10-28"
"pbsae253t@yahoo.com";"2023-11-28"
"pfg2@gmail.com";"2020-09-11"
"pjk51v2r@hanmail.net";"2022-10-15"
"pr5gz@gmail.com";"2020-08-08"
"pszqm@hanmail.net";"2020-07-25"
"pzswo7@naver.com";"2022-09-04"
"pzuxe@yahoo.com";"2020-07-09"
"q24zs80@hanmail.net";"2020-03-11"
"q3h4p@gmail.com";"2022-03-18"
"qb53@yahoo.com";"2023-11-22"
"qs69uf8@gmail.com";"2021-08-21"
"r1i6c043z@naver.com";"2020-01-20"
"rd7ywtg1@yahoo.com";"2021-05-09"
"s5kv79x@gmail.com";"2020-05-10"
"s7h0@naver.com";"2021-04-28"
"t4h3j@gmail.com";"2021-08-08"
"tnfrm16@hanmail.net";"2022-11-02"
"ugvm@naver.com";"2020-05-03"
"uokv6m@yahoo.com";"2020-12-06"
"uze0v4@naver.com";"2020-03-22"
"vg0xqao@hanmail.net";"2022-07-28"
"vn67@gmail.com";"2023-06-07"
"wc4yz@yahoo.com";"2021-11-09"
"woztj@yahoo.com";"2021-11-17"
"wz8vn9@hanmail.net";"2020-04-05"
"xwnti3bm@naver.com";"2020-11-26"
"xyz29@hanmail.net";"2021-06-19"
"yce4@hanmail.net";"2021-03-04"
"yl53@gmail.com";"2023-10-28"
"ymdv@naver.com";"2022-06-08"
"ysx8k2tag@hanmail.net";"2023-11-16"
"yzovad9l4@gmail.com";"2021-10-28"
"zd36tn@naver.com";"2023-04-11"
"zmlp3f7@yahoo.com";"2021-02-25"
